Model,RMSE,MAE,R2
XGBoost (baseline),72.24423093242345,37.3334844350437,0.4195666698478785
Tuned XGBoost,60.26688343987069,34.44721293865029,0.5960724590997666
